index;state;amountOfZeros;amountOfOnes;p;T1;T2
0;[000000000];9;0;0.000892466;0.000277554;0.000153157
